job_url,title,company,description,niveau_etudes,niveau_experience,contrat,region,competences,publication_date,via,titre_homogene,secteur,niveau_qualification
,Architecte (H/F) | Casablanca (Maroc),,Conception d'Architectures Techniques : Analyser les besoins techniques et concevoir des solutions performantes. Rédiger et valider le dossier d'architecture technique (DAT). Valider les choix techniques et réaliser des...,Bac +5 et plus,De 5 à 10 ans,CDI - Télétravail : Hybride,,"expérience avec spring (boot, data jpa, security, cloud [config server, eureka, gateway, zipkin], docker compose).",2025-04-08,['Rekrute'],Data Architect,Data,3
,Ingénieur Réseau Sécurité | Casablanca (Maroc),,"Administration/exploitation fonctionnelle et technique des solutions/infrastructures/ services réseau, sécurité et télécom. Documentation technique des infrastructures gérées Gestion des incidents, gestion...",Bac +5 et plus,De 1 à 3 ans - De 3 à 5 ans,CDI - Télétravail : Hybride,,"bonne connaissance des équipements cisco (nexus / catalyst / asr) maîtrise du routage statique et dynamique (eigrp/ bgp / ospf / mpls / ...) bonne connaissance des solutions de sécurité ( configuration des firewall , proxy web) forte expertise dans un ou plusieurs domaine(s) technique(s) télécom, réseaux ou datacenter aptitudes comportementales :",2025-04-08,['Rekrute'],,Banque / Finance - Informatique,
,Proxy PO BigDATA | Casablanca (Maroc),,Dans le cadre de notre centre de services international à Casablanca nous recrutons un PO Proxy sur une activité BigData Vous serez amené dans le cadre d’un projet agile à: • Animer des ateliers avec les...,Bac +5 et plus,De 3 à 5 ans,CDI - Télétravail : Hybride,,"de formation supérieure en informatique, vous disposez d’une expérience de 5 ans et plus au sein de projet de développement, idéalement des projets bigdata.",2025-04-08,['Rekrute'],Data Engineer,Informatique,3
,DATA Analyst (H/F) | Fès (Maroc),,Nous recherchons un(e) Data Analyst junior passionné(e) pour rejoindre notre équipe. Il/elle sera responsable de : Conception et déploiement des systèmes d'IA. Modélisation avancée pour résoudre...,Bac +5 et plus,Moins de 1 an - De 1 à 3 ans,CDI - Télétravail : Hybride,,,2025-04-08,['Rekrute'],Data Analyst,Data,2
,Lead DATA Scientist | Casablanca (Maroc),,"Main Responsibilities: • Support for the realization of various Data Science projects and participation in the success of our customers in many sectors of activity (health, industries, communications, financial services, etc.). • Frame and...",Bac +5 et plus,De 3 à 5 ans,CDI - Télétravail : Hybride,,"qualifications: • master’s degree in engineering or doctor specialized in statistical analysis and computer programming or from a university with a major in data science, statistics or applied mathematics. • would be a plus: certifications in statistics / big data / machine learning. • 4+ years of experience in the same position. • fluent in french & english technical skills: • knowledge of statistics and machine learning. • mastery of analytical modeling tools, decision trees and neural networks (logistic, linear regression, etc.) and feature engineering. • mastery of technologies and models: xgboost, tensorflow, random forest, svm, etc. • ability to produce supervised and unsupervised models. • master of smote “the synthetic minority over-sampling technique”. • ability to analyze and extract insights from structured (in-depth knowledge of sql) and unstructured data. • be able to present the results of the models: lift curve, roc-auc, f1 score, recall, accuracy, confusion matrix, etc. • understanding of linear algebra and statistics. • development experience to extract and query data (python, r, spark, java). behavioral skills: • intellectual curiosity, initiative, proactivity. • organizational capacities. • autonomy, interpersonal skills, facilitator. • excellent written and oral communication skills.",2025-04-07,['Rekrute'],Data Scientist,Data,4
,Big DATA Engineer | Casablanca (Maroc),,"We need a Data Engineer who thrives at the intersection of Backend Development and Data Engineering. If you have strong Python skills, fluency in SQL / Data Modeling, and experience working with big data technologies, you're exactly who we need...",Bac +5 et plus,De 1 à 3 ans,CDI - Télétravail : Hybride,,join us to leverage your big data expertise and contribute to innovative projects in a dynamic and supportive environment!,2025-04-07,['Rekrute'],Data Engineer,Informatique,3
,"Responsable Analyse des Données, Reporting et Suivi des Performances | Rabat (Maroc)",,"Nous recherchons un profil au poste de ""Responsable Analyse des Données, Reporting et Suivi des Performances"". Ses principales missions : • Mettre en place des normes de gouvernance, de qualité et de sécurité...",Bac +5 et plus,De 3 à 5 ans - De 5 à 10 ans,CDI - Télétravail : Non,,"• diplôme d’ingénieur d’etat (ou équivalent) ou bac+5 en data engineering/data science (ou équivalent). • expérience significative (plus de 3 ans) dans des postes de gestion et analyse des données. • expérience avec des plateformes big data. • expérience avec business object et sap. • expérience dans l’élaboration de politiques et normes pour garantir la qualité, la sécurité, et l’interopérabilité des données à l’échelle de l’organisation. • connaissance des frameworks de gestion des données. • connaissance des réglementations et normes en la matière (lois, iso 27001,…). • capacité à travailler en étroite collaboration avec d’autres services pour intégrer les solutions et assurer leur bon fonctionnement. • capacité à s'adapter aux évolutions technologiques.",2025-04-05,['Rekrute'],Data Engineer/Scientist,Data,4
,DATA Analyst senior SQL | Rabat (Maroc),,"Nous travaillons avec les équipes business, product management et design pour concevoir des outils ergonomiques et fiables. Nous recherchons un Data Analyst Senior passionné et expérimenté dans l'analyse de données...",Bac +5 et plus,De 5 à 10 ans,CDI - Télétravail : Hybride,,"bonne maîtrise des bases de données sql / nosql (dbl, postgresql, mongodb…) excellente maîtrise de sql et expérience avec bigquery. expertise dans la création et l’optimisation de dashboards sous looker studio. excellente communication écrite et orale : aptitude à produire des livrables et des reportings de haute qualité. expertise en python (pandas, numpy, pyspark…) esprit d'analyse et d'amélioration continue : capacité à évaluer le code et ses impacts, ainsi qu'à remettre en question les solutions existantes pour les améliorer. compréhension des principes devops et cloud (aws, gcp, azure) connaissance des architectures data modernes (data lake, data warehouse) capacité de prise de recul : aptitude à évaluer les problématiques avec objectivité et à proposer des solutions d'amélioration. esprit d'équipe : capacité à collaborer efficacement avec les membres de l'équipe pour atteindre des objectifs communs. maîtrise des concepts d’agilité (scrum, sprint planning, backlog…). capacité à travailler de manière autonome et à gérer son temps efficacement. gestion des versions et ci/cd avec gitlab ci",2025-04-04,['Rekrute'],Data Analyst,Data,3
,Senior Product Owner / Manager | Casablanca (Maroc),,"As a Senior Product Owner/Manager at InnovX, you will be responsible for leading the development and execution of our Agritech product strategy. You will collaborate with cross-functional teams, including engineers, designers, and agronomists, to deliver...",Bac +5 et plus,De 5 à 10 ans - De 10 à 20 ans,CDI - Télétravail : Hybride,,"qualifications: • experience: 7+ years of experience in product management or ownership, with a significant focus on agritech products. • agriculture knowledge: deep understanding of the agriculture industry, including knowledge of farming practices and technology trends. • product leadership: proven ability to lead cross-functional product teams and drive product development from concept to launch. • customer-centric: strong customer empathy and the ability to translate customer needs into product features. • data-driven: comfortable with data analysis and using data to inform product decisions. • agile methodology: experience with agile development methodologies and tools. • communication: excellent communication and interpersonal skills. • problem solver: strong problem-solving skills and the ability to adapt in a rapidly changing environment. • education: bachelor's or master's degree in agriculture, agronomy, business, or a related field.",2025-04-04,['Rekrute'],Product Owner,Agritech,4
,Operations Engineer - Mining Operations Lab | Benguerir (Maroc),,"Missions : • Veiller à l’atteinte des objectifs de production (tonnage, qualité, récupération). • Piloter la performance globale du site. • Opérer dans l’excellence en mettant en place les...",Bac +5 et plus,De 3 à 5 ans - De 5 à 10 ans,CDI - Télétravail : Hybride,,"• planification minière (court, moyen et long terme) • géologie, géotechnique • gestion des entreprises et des contrats • planification des investissements • systèmes de maintenance et de gestion des actifs • suivi et pilotage de la production via un erp • data management • risk management • quality management • gestion de la performance • leadership • communication • manipulation des outils de planification minière",2025-04-04,['Rekrute'],,Energie - Extraction / Mines,
,Technical Account Manager | Casablanca (Maroc),,"Mission : Assurer une relation technique proactive et personnalisée avec les clients et partenaires de la Data Marketplace, en veillant à leur satisfaction et à leur succès continu dans l'utilisation de la plateforme, et en...",Bac +5 et plus,De 3 à 5 ans - De 5 à 10 ans,CDI - Télétravail : Non,,"bac +5 en ecole d’ingénieur ou équivalent universitaire avec une spécialisation en data expérience : expérience professionnelle de 3 à 8 en en gestion de compte technique ou en support technique, dans un environnement saas ou data-driven",2025-04-04,['Rekrute'],Data Experience,Data,4
,IT Tech Team Lead H/F | Rabat (Maroc),,"Manage locally a team of High-tech resources working in teams and pods to deliver high value programs Coordinate with hiring managers, supervise, organize your scope to ensure performance and consistency targets are met Contribute in the selection...",Bac +4,De 3 à 5 ans,CDI - Télétravail : Non,,"bachelor education level in an advanced it field (preferably development, project management, data…etc.)",2025-04-03,['Rekrute'],,Informatique,
,Lead of Process Excellence & Innovation | Benguerir (Maroc),,"Lead of Process Excellence & Innovation Le Lead of Process Excellence & Innovation est responsable de la conception, de l’implémentation et du suivi des stratégies d’amélioration continue, d’innovation et d’excellence opérationnelle au sein de l’UM6P....",Bac +5 et plus,De 5 à 10 ans,CDI - Télétravail : Non,,"maîtrise des outils de data analytics, bi et digitalisation des processus.",2025-04-03,['Rekrute'],Process Excellence & Innovation,Data,3
,CoreLab Engineer | Benguerir (Maroc),,The UM6P Corelabs is seeking a dedicated and skilled Analytical Chemistry Engineer to join our team. The UM6P CoreLabs is a state-of-the-art service providing platform designed to support technical and scientific innovation at UM6P while also serving external...,Bac +5 et plus,De 3 à 5 ans,CDI - Télétravail : Non,,"candidate qualifications:•    master's/engineer or degree in chemistry, biotechnology, food industry, or a related field.•    minimum of 3 years of experience in an analytical laboratory, preferably in r&d or quality control.•    proficiency in handling sophisticated equipment for chemical and biochemical characterization.•    strong expertise in method development, troubleshooting, and instrument calibration.•    familiarity with data analysis tools, chemometrics, and software interfaces for analytical instruments.•    experience with iso 17025 certification compliance is a plus.•    excellent organizational, communication, and collaboration skills (french & english proficiency required).•    ability to work independently and in a fast-paced, multi-disciplinary environment.•    strong problem-solving abilities and attention to detail.",2025-04-03,['Rekrute'],,Enseignement / Formation,
,DATA Scientist Angolphone (H/F) | Rabat (Maroc),,"Effective collaboration alongside developers and cross-functional teams. Ability to clearly communicate technical concepts to both technical and non-technical team members. Advocate for software engineering good practices (e.g., version control,...",Bac +5 et plus,De 3 à 5 ans - De 5 à 10 ans,CDI - Télétravail : Hybride,,minimum of 5 years of experience in a data science role with a proven track record of successful projects.,2025-04-03,['Rekrute'],Data Scientist,Data,4
,Senior DATA Engineer AZURE | Technopolis (Maroc),,Senior Data Engineers for supporting the migration to the new Azure Cloud Foundation Framework • Is able to lead team of developers • Is able to provide and execute technical designs of data platform components • Is able to establish good...,Bac +4,De 5 à 10 ans,CDI - Télétravail : Hybride,,"mandatory skills: • mastery in modern, cloud based data/bi technologies (data lakes, delta lakes, data warehouses, etl/elt, spark) • 7 years experience with implementing data ingestion pipelines / etls / elts • in depth knowledge of azure platform and ecosystem - storage account, cosmosdb (sql & gremlin api), event hub, app services • experience with at following azure data technologies o azure sql o azure data lake o azure databricks (sql or python, delta lake) o azure data factory o azure analysis services o experience with sql • good communication • client facing",2025-04-03,['Rekrute'],Data Engineer,Data,5
,Data Analyst | Paris,,"Key Responsibilities: Capgemini Engineering is looking for a Scrum Master to join our dynamic team! If you are passionate about Agile methodologies and enjoy fostering collaboration within teams, this opportunity is for you! ???? Facilitate Agile...",Bac +5 et plus,De 5 à 10 ans,CDI - Télétravail : Hybride,,"? has solid experience as a scrum master in an agile environment ? is proficient in jira for backlog management and sprint planning ? has basic knowledge of data concepts (experience in data is a plus but not mandatory) ? jira, confluence – agile project management ? strong communication & leadership ? understanding of data workflows (nice to have)",2025-04-02,['Rekrute'],Data Analyst,Data,3
,"Administrateur Systèmes, Réseaux et Virtualisation | Casablanca (Maroc)",,"En tant qu' Administrateur Systèmes & Réseaux vos missions seront les suivantes: Installer, mettre en production, exploiter et assurer le support pour les systèmes d’exploitation des serveurs, les systèmes de...",Bac +5 et plus,De 5 à 10 ans,CDI - Télétravail : Non,,connaissance larges en solutions d’infrastructure notamment sur les data centres,2025-04-02,['Rekrute'],,Automobile / Motos / Cycles,
,Senior Full Stack Python Software Developer | Sala al Jadida (Maroc),,"Are you a passionate and experienced Senior Full Stack Python Software Developer seeking a challenging and rewarding opportunity? Do you thrive in a dynamic environment where innovation is key? If so, this is your chance to make a real impact! We are looking...",Bac +5 et plus,De 5 à 10 ans - De 10 à 20 ans,CDI - Télétravail : Oui 100%,,"javascript / html / css: required to be able to develop and deploy frontend webpages, dashboards, and ui's for our internal tools and applications. knowledgable about developing database driven dashboards, and creating mapping interfaces using libraries such as leaflet and mapbox.",2025-04-02,['Rekrute'],,Informatique,
,QMS Analyst | Rabat (Maroc),,Evaluate the performance of the Quality Management System using key metrics and data. Analyze trends in quality data to identify areas for improvement. Process Support & Improvement: Collaborate with various departments to streamline processes and...,Bac +5 et plus,De 3 à 5 ans,CDI - Télétravail : Hybride,,"proficiency with data analysis tools (e.g., excel, power bi, minitab). strong organizational and analytical skills. excellent communication and problem-solving abilities. cad catia & ou nx plm microsoft office familiarity with qms standards like iso 9001 and iatf 16949 certifications in iso auditing, six sigma, or related quality disciplines. proficiency in quality analysis tools (e.g., fmea, 8d, spc).",2025-03-28,['Rekrute'],,Automobile / Motos / Cycles,
,DATA Analyst Anglophone | Rabat (Maroc),,"The consultant will be responsible for the following tasks : • Collaborate with cross-functional teams (including Data Scientists, Analysts, Developers) to define data requirements, pipeline design, and solutions. • Design, implement, and...",Bac +5 et plus,De 5 à 10 ans,CDI - Télétravail : Hybride,,master’s degree in data,2025-03-28,['Rekrute'],Data Analyst,Data,2
,Ingénieur Développement Grafana | Rabat (Maroc),,"Dans le cadre de la mission du centre de service dédié au support de la plateforme de véhicule connecté de notre client sur Azure, nous recherchons un Ingénieur Développement Grafana. Son rôle sera le...",Bac +5 et plus,De 1 à 3 ans,CDI - Télétravail : Hybride,,"compétences techniques requises : • grafana, influxdb, • agile (confluence, jira), • azure, • databricks, postgresql, kusto • python, mql, prometheus, bigquery, • anglais b2",2025-03-28,['Rekrute'],,Automobile / Motos / Cycles,
,DATA Analyst English & German Speaker | Rabat (Maroc),,La/le consultant aura pour mission : Gestion du processus de déploiement : Développement des KPIs Analyse et difitalisation des processus de déploiement de diverses technologies Collection et organisation de données...,Bac +5 et plus,De 1 à 3 ans,CDI - Télétravail : Hybride,,bac+5 en data,2025-03-28,['Rekrute'],Data Analyst,Data,5
,Agente Administrativo - Spanish Speaking | Tétouan (Maroc),,Estamos en búsqueda de un/a administrativo/a para unirse a nuestro equipo y brindar soporte en la gestión de tareas administrativas y operativas. La persona seleccionada será responsable de la revisión y organización de...,Bac +2,De 1 à 3 ans,CDI - Télétravail : Hybride,,,2025-03-27,['Rekrute'],,Banque / Finance - Telecom,
,Administrative Agent - Italien speaking | Tétouan (Maroc),,We are looking for an administrative agent to join our team and provide support in the management of administrative and operational tasks. Responsabilities : • Manage inbound and/or outbounds calls and communications. • Follow various...,Bac +2,De 1 à 3 ans,CDI - Télétravail : Hybride,,,2025-03-27,['Rekrute'],,Banque / Finance - Telecom,
,Administrative Agent - German speaking | Tétouan (Maroc),,We are looking for an administrative agent to join our team and provide support in the management of administrative and operational tasks. Responsabilities : • Manage inbound and/or outbounds calls and communications. • Follow various...,Bac +2,De 1 à 3 ans,CDI - Télétravail : Hybride,,,2025-03-27,['Rekrute'],,Banque / Finance - Telecom,
,Administrative Agent - English Speaking | Tétouan (Maroc),,We are looking for an administrative agent to join our team and provide support in the management of administrative and operational tasks. Responsabilities : • Manage inbound and/or outbounds calls and communications. • Follow various...,Bac +2,De 1 à 3 ans,CDI - Télétravail : Hybride,,,2025-03-27,['Rekrute'],,Banque / Finance - Telecom,
,Agent Adminitratif | Tétouan (Maroc),,"Nous recherchons des opérateurs dynamiques et motivés pour rejoindre notre groupe. Vous aurez pour mission de gérer les appels entrants et sortants, d’assister les clients dans leurs demandes et de leur fournir des informations...",Bac +2,De 1 à 3 ans,CDI - Télétravail : Hybride,,,2025-03-27,['Rekrute'],,Banque / Finance - Telecom,
,Back Office Administrator - German speaking | Tétouan (Maroc),,"We are looking for an experienced highly organised and detail-oriented Office Administrator to join our team. The perfect candidate must be able to communicate clearly and effectively with both our employees and clients, with a positive attitude and a desire...",Bac +2,De 3 à 5 ans,CDI - Télétravail : Hybride,,,2025-03-27,['Rekrute'],,Centre d'appel,
,Back Office Administrator - Italien speaking | Tétouan (Maroc),,"We are looking for an experienced highly organised and detail-oriented Office Administrator to join our team. The perfect candidate must be able to communicate clearly and effectively with both our employees and clients, with a positive attitude and a desire...",Bac +2,De 3 à 5 ans,CDI - Télétravail : Hybride,,,2025-03-27,['Rekrute'],,Centre d'appel,
,Agent(e) Back Office - Spanish Speaking | Tétouan (Maroc),,"Buscamos un Agente Back Office de Atención al Cliente para unirse a nuestro dinámico equipo. El candidato ideal debe ser un apasionado de la excelencia en el servicio al cliente, capaz de resolver problemas con eficacia y mantener una...",Bac +2,De 3 à 5 ans,CDI - Télétravail : Hybride,,,2025-03-27,['Rekrute'],,Centre d'appel,
,Back Office Administrator - English Speaking | Tétouan (Maroc),,"We are looking for an experienced highly organised and detail-oriented Office Administrator to join our team. The perfect candidate must be able to communicate clearly and effectively with both our employees and clients, with a positive attitude and a desire...",Bac +2,De 3 à 5 ans,CDI - Télétravail : Hybride,,,2025-03-27,['Rekrute'],,Centre d'appel,
,Agent Back Office | Tétouan (Maroc),,"Nous sommes à la recherche d’un(e) Agent Back Office en Service Client pour rejoindre notre équipe dynamique. Le candidat idéal devrait être passionné par l’excellence du service client, capable de...",Bac +2,De 3 à 5 ans,CDI - Télétravail : Hybride,,,2025-03-27,['Rekrute'],,Centre d'appel,
,CAD Technician | Tétouan (Maroc),,"Main Responsibilities:   Design and model plastic and metal components using CATIA V5, ensuring compliance with automotive standards. Integrate electrical components (ECUs, antennas, screens, amplifiers, etc.) into vehicles. Conduct...",Bac +5 et plus,De 1 à 3 ans,CDI - Télétravail : Hybride,,,2025-03-27,['Rekrute'],,Automobile / Motos / Cycles,
,Architecte Cloud DATA/BIG DATA (F/H) | Casablanca (Maroc),,"Mission: Driving the initiation and stabilization of operations by building teams, establishing processes, implementing control measures, and maintaining strong client relationships. Managing operations, monitoring performance, and enhancing services while...",Bac +5 et plus,De 5 à 10 ans,CDI - Télétravail : Non,,,2025-03-27,['Rekrute'],Data Engineer,Data,5
,Architecte Cloud DATA/BIG DATA (F/H) | Casablanca (Maroc),,"En qualité d'Architecte Cloud DATA/BIG DATA, vous participez aux projets internationaux DATA/BIG Data (Cloud, Hybride, On premise). Votre expertise permettra d'analyser et de répondre aux besoins de nos clients avec une vision...",Bac +5 et plus,De 5 à 10 ans - De 10 à 20 ans,CDI - Télétravail : Hybride,,**formation et expérience** - bac +5 en informatique - expérience significative en architecture cloud et data/big data,2025-03-26,['Rekrute'],,Informatique,
,Consultant BI / Big DATA | Rabat (Maroc),,"DXC IT Services recrute pour son compte un référent BI / Big Data avec comme missions : • Support de niveau 3 des applications (fonctionnel / technique) • Administrer, faire évoluer, consolider les outils de reporting et...",Bac +4,De 3 à 5 ans - De 5 à 10 ans,CDI - Télétravail : Hybride,,"titulaire d'un bac+5 en informatique, vous disposez de plus de 5 ans d'expérience en support technico-fonctionnel, spécifiquement dans le domaine des solutions bi / big data.",2025-03-25,['Rekrute'],Data Consultant,Data,5
,"Consultant DATA (Semarchy,Snowflake,Informatica) | Rabat (Maroc)",,"Intégration, développement, support et maintenance des systèmes de Reporting décisionnels et opérationnels (Conception, Gestion, Optimisation et traitement de données) Rédaction des...",Bac +4,De 1 à 3 ans - De 3 à 5 ans,CDI - Télétravail : Hybride,,,2025-03-25,['Rekrute'],Data Consultant,Data,5
,Mobile App and DATA Platform Developer | Benguerir (Maroc),,Vos missions principales en tant qu’architecte Solution seront : *  Exercer un regard critique face aux enjeux *  Analyser et Réaliser un diagnostic de la situation rencontrée et le...,Bac +5 et plus,De 5 à 10 ans - De 10 à 20 ans,CDI - Télétravail : Hybride,,"compétences techniques *  bonne connaissance des activités et des technologies de modernisation des architectures et des solutions logicielles *  connaissance et pratique de l’architecture logicielle -  structuration et découpage des applications en composants *  bonne connaissance des solutions technologiques clefs d’une architecture moderne et des modes d’intégration : -  esb, mdm, bpmn, api, micro services… *  maitrise des couches services (data et échanges inter applicatif) -  bases de données (sql/ nosql…), bus d’évènements… *  connaissance des patterns architecturaux -  lamp lamj, container et des principales logiques d’offres virtualisées : iaas, paas *  maitrise des chaines d'intégration et de déploiement des applications -  outillage (git, maven, jenkins,…) -  environnement d'hébergement dont ci/cd *  connaissance des principes d’exploitation, des contraintes sécurités, de la gestion de flux réseaux et des systèmes de monitoring *  maitrise des systèmes de gestion des flux fw lb y compris virtualisés compétences opérationnelles *  adaptabilité et curiosité technique pour une optimisation du changement *  aptitude à développer ses connaissances *  polyvalence et goût pour la technique et créativité pour identifier les solutions techniques appropriées *  être force de proposition et d'innovation à travers le partage, la veille et le conseil permanents *  savoir communiquer et rassurer les clients en contexte de crise opérationnelle *  esprit d’analyse et de synthèse qualités   * bon sens relationnel et bon sens du service   * autonome, réactif   * rigueur et esprit critique   * capacité à travailler en équipe pluridisciplinaire   * maitrise de l’anglais indispensable",2025-03-25,['Rekrute'],Data Platform Developer,Data,3
,Mobile App and DATA Platform Developer | Benguerir (Maroc),,"About UM6P: Located at the heart of the future Green City of Benguerir, Mohammed VI Polytechnic University (UM6P), a higher education institution with an international standard, is established to serve Morocco and the African continent. Its vision is honed...",Bac +5 et plus,De 3 à 5 ans,CDD - Télétravail : Non,,"capable of using at least two of the following software to analyse data such as spss, excel, r, python and matlab.",2025-03-24,['Rekrute'],,Enseignement / Formation,
,Stage PFE DATA Analyst | Casablanca (Maroc),,Formation approfondie sur l’analyse et la visualisation de données. - Travailler sur des projets stratégiques qui influencent la prise de décision au sein de l’entreprise. - Accès à des outils professionnels...,Bac +5 et plus,Débutant,Stage - Télétravail : Non,,"- étudiant(e) en data science, statistiques, informatique, ou domaine similaire (bac+3 ou bac+5). - compétences avancées en excel, sql, et outils de visualisation de données comme power bi ou tableau. - connaissance de python pour l’analyse de données est un plus. - forte capacité d’analyse et de synthèse des données complexes. - esprit curieux, rigoureux, et bonnes compétences en communication pour présenter les résultats de manière claire et concise",2025-03-24,['Rekrute'],Data Analyst,Data,3
,Warehouse Stock keeper | El Jadida (Maroc),,"Assist the supervisor in the management of the delivery and receipt of main and auxiliary materials, finished products, hardware, labor protection, and analytical supplies. Develop monthly and weekly work plans based on department and team work plans,...",Bac,De 3 à 5 ans,Autre - Télétravail : Non,,familiarity with inventory management software and data entry.,2025-03-24,['Rekrute'],,BTP / Génie Civil - Import / Export / Négoce,
,DATA Analyst - Contrôle de Gestion H/F | Rabat (Maroc),,"Rattaché(e) à la Direction de Pilotage de la Performance, vous aurez pour mission l'analyse et l'interprétation des données financières et opérationnelles pour soutenir les processus de prise de...",Bac +5 et plus,De 3 à 5 ans,CDI - Télétravail : Non,,,2025-03-20,['Rekrute'],Data Analyst,Finance,2
,Directeur Achats & Supply Chain (H/F) | Casablanca (Maroc),,"En tant que pilier stratégique de l’organisation, vous avez pour mission de structurer, transformer et positionner la fonction Achats & Supply Chain comme un centre de profits. Avec plus de 300 millions d’achats par an, vous piloterez...",Bac +5 et plus,De 5 à 10 ans - De 10 à 20 ans,CDI - Télétravail : Non,,"capacité à anticiper et gérer les risques supply chain, avec une approche data-driven et décisionnelle.",2025-03-19,['Rekrute'],,Autres Industries,
,Pentester (H/ F) | Rabat (Maroc),,"The Penetration Testing Service is responsible for: • Executing web application penetration tests to identify vulnerabilities such as input validation issues, authentication flaws, and access control issues. • Assessing web applications against...",Bac +5 et plus,De 1 à 3 ans,CDI - Télétravail : Hybride,,"• bachelor’s or master’s degree in computer science, information technology, or a related field. • expertise with security assessment methodologies such as risk assessment, vulnerability assessment, and threat modeling. • at least 1-3 years of expertise in penetration testing and vulnerability assessments. • relevant certifications related to penetration testing. • it security expertise. • ability to gather and analyze data and translate it into actionable insights. • ability to work well in a team and cross-functional environment. • ability to work with diverse cultures and environments. languages environment • english environment – mandatory. • french environment – optional.",2025-03-19,['Rekrute'],,Informatique - Internet / Multimédia,
,Tech Lead – Cloud (H/ F) | Rabat (Maroc),,"In this role you will: • Gateway between QA and CC team (Both CSP), keep the same approach for QA Azure and QA AWS on the tool, type of tests, name etc. • Review requirements, specifications, and technical design documentation in order to...",Bac +5 et plus,De 5 à 10 ans,CDI - Télétravail : Hybride,,"good knowledge and hands-on experiences in the cloud, ideally for both provider aws and azure for infrastructure resources such as servers, storage, network, database, cloud security, paas, etc",2025-03-19,['Rekrute'],,Informatique,
,IOT DATA Engineer / Developper | Kénitra (Maroc),,Missions principales : Concevoir et implémenter des tableaux de bord avancés dans Grafana pour visualiser les données IoT. Développer des plugins Grafana personnalisés pour répondre à des besoins...,Bac +3,De 3 à 5 ans,CDI - Télétravail : Hybride,,"compétences techniques : - os: • redhat / centos, ubuntu - sgbd: • cassandra: expertise • oracle 11g/12c/19c, dataguard, oem : confirmé • postgres : confirmé - sauvegarde / restauration / supervision : • commvault, rubrik, centreon - langages : • sql, nosql, shell scripting, ansible",2025-03-18,['Rekrute'],Data Engineer,Informatique - Internet / Multimédia,3
,DATA Analyst | Benguerir (Maroc),,"Responsibilities: Design, develop and implement secure, efficient and compliant data collection systems, ensuring data quality and integrity by identifying errors and cleaning data Develop records management and reporting processes and...",Bac +5 et plus,De 3 à 5 ans,CDI - Télétravail : Non,,"engineer/master or equivalent with proven experience in data science, information management, statistics",2025-03-18,['Rekrute'],Data Analyst,Enseignement / Formation,4
,Développeur Senior SQL Server Anglophone | Casablanca /Casanearshore (Maroc),,"Key Responsibilities: Database Design & Development: Design, develop, and maintain complex SQL Server databases, including writing efficient queries, stored procedures, and functions. Performance Optimization: Analyze and optimize SQL queries, indexes,...",Bac +5 et plus,De 3 à 5 ans - De 5 à 10 ans,CDI - Télétravail : Hybride,,"required skills and qualifications: experience: at least 5+ years of experience in sql server development, including advanced knowledge of t-sql, stored procedures, triggers, and views. sql server expertise: extensive experience with sql server versions (preferably 2016 and above), including database management, performance tuning, and replication. data modeling & design: proficiency in database design, normalization, indexing strategies, and data modeling techniques. performance tuning: deep understanding of sql server performance tuning techniques, including query optimization and indexing strategies. problem solving: strong analytical skills with the ability to troubleshoot complex database issues and provide effective solutions. version control: familiarity with version control tools (e.g., git, svn). english proficiency: fluency in english (both written and spoken) is required as the team communicates primarily in english. education: a master’s degree in computer science, information technology, or a related field (or equivalent experience).",2025-03-17,['Rekrute'],Développeur SQL Server,Data,4
,Innovation Tech Lead / Architect | Technopolis (Maroc),,"Responsibilities: As part of the innovation steering group, he/she oversees technical discussions, investigations, PoCs & decisions. Ensures technical feasibility, scalability & industrialisation of ideas. He or she brings the following: •...",Bac +4,De 5 à 10 ans,CDI - Télétravail : Hybride,,data processing,2025-03-17,['Rekrute'],,Informatique,
,Business Analyste (H/F) | Rabat (Maroc),,En étant un Business Analyst Senior dans le secteur des télécommunications vous allez jouer un rôle crucial d'interface entre les équipes marketing et techniques au sein d'une équipe d'architectes...,Bac +5 et plus,De 3 à 5 ans - De 5 à 10 ans,CDI - Télétravail : Hybride,,-bpmn (business process model and notation)                 -uml (unified modeling language)                 -dml (data modeling language)                 -diagrammes de séquence                 -capacité à formaliser des exigences complexes                 -rédaction de documents d'architecture fonctionnelle,2025-03-17,['Rekrute'],Business Analyst,Data,3
,Research Assistant - Materials Science and Modeling for Lithium-Ion Battery Applications 1 1 | Benguerir (Maroc),,"Key Responsibilities: Experimental Synthesis and Characterization: Synthesize materials for lithium-ion battery applications. Develop and implement experimental protocols in reactors (e.g., continuous stirred tank reactors, CSTRs) to optimize parameters like...",Bac +5 et plus,De 3 à 5 ans,CDD - Télétravail : Non,,"develop and execute numerical simulations (e.g., cfd) to model hydrodynamics, mass transfer, and reaction kinetics in synthesis processes. integrate experimental data with simulation results to elucidate material formation mechanisms and optimize process conditions.",2025-03-14,['Rekrute'],,Enseignement / Formation,
,DATA Analyst | Rabat (Maroc),,"Les principales missions d’un Data Analyst sont : - Consolider et traiter des données provenant de sources diverses, en assurant leur qualité et cohérence ; - Transformer et assainir les données et appliquer des analyses...",Bac +3,Débutant - Moins de 1 an,CDI - Télétravail : Non,,"- titulaire d’un diplôme bac+3 ou idéalement un bac+5 en statistiques, big data, économétrie ou informatique décisionnelle ; - une première expérience professionnelle dans un poste similaire est souhaitable.",2025-03-14,['Rekrute'],Data Analyst,Data,2
,DATA Scientist SIRH | Casablanca (Maroc),,"En tant que Data Scientist responsable du SIRH, vous contribuerez activement à la transformation digitale de la direction Capital Humain, en mettant en place des solutions de data science pour améliorer et automatiser les processus...",Bac +5 et plus,Moins de 1 an,CDI - Télétravail : Hybride,,"formation d'ingénieur en data science, statistique, ou intelligence artificielle, avec une forte appétence pour la digitalisation des processus.",2025-03-14,['Rekrute'],Data Scientist,Data,4
,Senior DevOps Specialist | Sala al Jadida (Maroc),,"Role Overview: The Senior DevOps Specialist is responsible for automating, optimizing, and ensuring the reliability of application deployment processes. This role involves configuring, maintaining, and monitoring Red Hat OpenShift environments, managing...",Bac +5 et plus,De 5 à 10 ans,CDI - Télétravail : Oui 100%,,"familiarity with kafka data streaming, nosql (mongodb), and sql (postgresql).",2025-03-13,['Rekrute'],DevOps Specialist,Data,3
,Portfolio Lead | Benguerir (Maroc),,"Portfolio Lead (Industry 4.0 / Data & AI / Applications) Mission principale :Diriger et développer les programmes de formation dans un ou plusieurs domaines clés (Industrie 4.0, Data & AI, Applications) en assurant leur pertinence, leur alignement avec...",Bac +5 et plus,De 5 à 10 ans,CDI - Télétravail : Non,,"compétences techniques :•    connaissance des technologies liées à l’industrie 4.0 (iiot, automatisation, data analytics, etc.)•    maîtrise des méthodes de gestion de projet et des outils de collaboration (erp, crm, outils de planification).•    compréhension des enjeux de la transformation digitale industrielle.",2025-03-11,['Rekrute'],,Enseignement / Formation,
,Architecte DATA (H/F) | Casablanca (Maroc),,Training Program ManagerMission principale :Piloter des projets spécifiques liés au développement et à la mise en œuvre des formations du centre en garantissant leur alignement avec les objectifs stratégiques et opérationnels.Responsabilités :· Gestion...,Bac +5 et plus,De 5 à 10 ans,CDI - Télétravail : Non,,"· capacité à travailler avec des experts techniques et académiques dans des domaines tels que l’industrie 4.0, l’iot, la data et l’ia.",2025-03-11,['Rekrute'],Data Architect,Data,5
,Architecte DATA (H/F) | Casablanca (Maroc),,"Intégré(e) au sein d'une équipe projets intervenant pour des clients dans des secteurs d'activités variées, vous serez notamment en charge des missions suivantes : Vous répondez aux problématiques...",Bac +5 et plus,De 3 à 5 ans,CDI - Télétravail : Hybride,,"formation bac + 5 en école d’ingénieur ou équivalent universitaire avec une spécialisation big data,",2025-03-10,['Rekrute'],,Informatique,
,Tech Lead DATA GCP (H/F) | Casablanca (Maroc),,"Intégré(e) au sein d'une équipe projets intervenant pour des clients dans des secteurs d'activités variées, vous serez notamment en charge des missions suivantes : Accompagner des équipes métiers...",Bac +5 et plus,De 3 à 5 ans,CDI - Télétravail : Hybride,,"expertise sur les services cloud data platform gcp : bigquery, cloud storage, dataproc, dataflow, cloud composer, vertex ai, looker…",2025-03-10,['Rekrute'],Data Engineer,Data,4
,Technical Leader DATAbricks (H/F) | Casablanca (Maroc),,"Intégré(e) au sein d'une équipe projets intervenant pour des clients dans des secteurs d'activités variées, vous serez notamment en charge des missions suivantes :  Développer des flux...",Bac +5 et plus,De 3 à 5 ans,CDI - Télétravail : Hybride,,expertise databricks,2025-03-10,['Rekrute'],Data Engineer,Data,4
,Java GCP Cloud DATA Engineer- Full Remote | Sala al Jadida (Maroc),,"Are you a passionate and experienced Java Cloud Developer seeking a challenging and rewarding role? If so, this opportunity in the heart of the IT sector in Sala al Jadida, Morocco is perfect for you. This isn't just a job; it's a chance to make a...",Bac +5 et plus,De 3 à 5 ans,CDI - Télétravail : Oui 100%,,strong knowledge of data engineering concepts and cloud architecture.,2025-03-10,['Rekrute'],Data Engineer,Data,4
,Directeur Achats & Supply Chain (H/F) | Casablanca (Maroc),,"En tant que pilier stratégique de l’organisation, vous avez pour mission de structurer, transformer et positionner la fonction Achats & Supply Chain comme un centre de profits. Avec plus de 300 millions d’achats par an, vous piloterez...",Bac +4,De 5 à 10 ans - De 10 à 20 ans,CDI - Télétravail : Non,,"capacité à anticiper et gérer les risques supply chain, avec une approche data-driven et décisionnelle.",2025-03-10,['Rekrute'],,Distribution - Autres Industries,
,Responsable DATA - Direction des Services Numériques | Rabat (Maroc),,"Nous recherchons un(e) RESPONSABLE DATA dynamique, compétente et hautement professionnel pour rejoindre notre équipe de la Direction des Services Numériques à l’HUIR. Le/la Responsable sera chargé(e) de : •...",Bac +5 et plus,De 10 à 20 ans,CDI - Télétravail : Non,,"• diplôme ingénieur ou diplôme universitaire (bac+5) en informatique, en science des données ou dans un domaine connexe (bac+5) • une spécialisation en gestion des données, en intelligence artificielle, ou en santé numérique serait un atout. • au moins dix (10) ans d’expérience significative dans le domaine de la gestion des données, de la science des données ou de l'analyse des données, idéalement dans le secteur de la santé. • expérience en gestion de projets data et en leadership d'équipes multidisciplinaires. • maîtrise des outils de gestion et d'analyse de données (sql, python, r, etc.). • connaissance des systèmes de gestion de bases de données, des entrepôts de données et des technologies de big data. • compétences en visualisation de données et en reporting (tableau, power bi, etc.). • bonne compréhension des normes et réglementations liées à la gestion des données de santé (rgpd, hipaa, etc.). • familiarité avec les systèmes d'information hospitaliers (sih) et les dossiers médicaux électroniques (dme). • capacité à communiquer efficacement avec des parties prenantes techniques et non techniques. • compétences en gestion d'équipe, en résolution de problèmes et en prise de décision. • aptitude à travailler dans un environnement dynamique et complexe. • maîtrise du français et de l'anglais, à l'oral et à l'écrit.",2025-03-06,['Rekrute'],Data Manager,Data,4
,Research Assistant in Genomics | Benguerir (Maroc),,"Animal biology and production in Morocco are central to the country's economy and food security, with key livestock species including sheep, cattle, goats, and poultry, alongside working animals like donkeys and camels in rural areas. While these sectors...",Bac +5 et plus,De 3 à 5 ans,CDD - Télétravail : Non,,"hands-on experience in bioinformatics analyses, particularly wes and rna data analysis.",2025-03-04,['Rekrute'],,Agriculture / Environnement,
,"Research assistant in Architecture, Planning & Design | Benguerir (Maroc)",,Job Description: We are seeking a Research Assistant with a strong background in integrated planning and territorial development to support a strategic research initiative. The project focuses on fostering balanced development by addressing the...,Bac +5 et plus,De 3 à 5 ans,CDD - Télétravail : Non,,"excellent analytical and problem-solving skills, with the ability to interpret and synthesize complex spatial data.",2025-03-04,['Rekrute'],Research Assistant,Research,2
,Research Project Coordinator | Benguerir (Maroc),,"Key Duties: Assist the Project Manager in developing project plans and schedules. Managing projects and collaborations with various research entities. Organize and facilitate team meetings, including setting agendas, tracking action items,...",Bac +5 et plus,De 3 à 5 ans,CDI - Télétravail : Non,,"expertise in remote sensing and/or vegetation mapping, and geospatial data analysis.",2025-03-04,['Rekrute'],,Enseignement / Formation,
,Capacity Building Manager | Laayoune (Maroc),,"About ASARI The African Sustainable Agriculture Research Institute (ASARI) launched by UM6P in Laayoune in 2020 within the Foum Eloued technopole project focuses on several research and development programs including biosaline agriculture, native species...",Bac +5 et plus,De 3 à 5 ans,CDI - Télétravail : Non,,· working knowledge of statistics and database management,2025-03-04,['Rekrute'],Capacity Building Manager,Data,3
,Program Assistant | Laayoune (Maroc),,"About ASARI The African Sustainable Agriculture Research Institute (ASARI) launched by UM6P in Laayoune in 2020 within the Foum Eloued technopole project focuses on several research and development programs including biosaline agriculture, native species...",Bac +5 et plus,De 3 à 5 ans,CDI - Télétravail : Non,,"· working knowledge of pmp, statistics and database management",2025-03-04,['Rekrute'],Program Assistant,Data,2
,Chemometrician /DATA Scientist - Spectral DATA Analysis | Benguerir (Maroc),,"About the Role: We are seeking a skilled and motivated Chemometrician  or Data Scientist to join our team and work on projects involving spectral data analysis. The ideal candidate will have expertise in chemometrics, vibrational spectroscopy,...",Bac +5 et plus,De 3 à 5 ans,CDD - Télétravail : Non,,"education: engineer or master’s degree in data science, chemistry, chemometrics",2025-03-04,['Rekrute'],Data Scientist,Enseignement / Formation,2
,Research Engineer - Organic Chemistry/Molecular Chemistry | Benguerir (Maroc),,About the Role:We are seeking a highly motivated and skilled professional with expertise in organic chemistry or molecular chemistry to join our team. The role involves studying the effects of organic chemical composition on the stability of spectral data...,Bac +5 et plus,De 3 à 5 ans,CDD - Télétravail : Non,,technical expertise: strong knowledge of chemical interactions and their effects on spectral data.,2025-03-04,['Rekrute'],Research Engineer,Non-DATA,0
,Admissions and Outreach Assistant | Rabat (Maroc),,Position Summary The Admissions and Outreach Assistant plays a critical role in attracting and enrolling talented students in the Bachelor of Science in Applied Mathematics & Business and the graduate program in Mathematics & Decision. This individual...,Bac +5 et plus,De 3 à 5 ans,CDI - Télétravail : Non,,skills? strong interpersonal and communication skills (written and oral).? ability to work collaboratively with diverse teams and stakeholders.? proficiency in crm tools and admissions management systems.? familiarity with digital marketing and social media strategies.? analytical mindset with the ability to interpret data and trends.? high organizational skills and attention to detail.,2025-03-04,['Rekrute'],,Enseignement / Formation,
,Ingénieur Big DATA - DATAOPs - UM6P Hospitals | Benguerir (Maroc),,"Poste?:   L’ingénieur Big Data sera chargé de travailler sur le projet de Plateforme Data / IA, qui vise à déployer une plateforme unifiée capable de gérer et d'analyser de grands volumes de données, et plus précisément de traiter les opérations de collecte,...",Bac +5 et plus,De 3 à 5 ans,CDI - Télétravail : Non,,niveau d’expérience : une expérience significative de 3 années minimum en architecture data et big data,2025-03-04,['Rekrute'],Data Engineer,Pharmacie / Santé,3
,Accountant - General Accounts (CDD Contract) | Casablanca (Maroc),,"Job Purpose:   To analyze, process and maintain Company’s financial transactions and records ensuring compliance with approved accounting standards and procedures. Assists in preparing budgets, financial reports and financial analysis, and...",Bac +3,De 1 à 3 ans,CDD - Télétravail : Non,,"excellent financial, analytical and reporting skills and capable of meeting deadlines without compromising quality of outcome and proven skills in analyzing data, identifying irregularities and recommending corrective measures.",2025-03-04,['Rekrute'],,Banque / Finance,
,Finance Planning & Analysis | Casablanca (Maroc),,"Directly related to the FP&A Morocco Manager, the FP&A participates in the reporting and analysis of the financial data of Foundever Morocco, intervening in the following topics: • Prepare, review and distribute monthly financial reports and...",Bac +5 et plus,De 1 à 3 ans,CDI - Télétravail : Non,,• master’s degree in finance or equivalent / business management • minimum 2 years’ experience in a similar role experience • demonstrated analytical and financial modeling skills with ability to prepare materials and presentations that communicate meaningful data and analyses. • ability to prioritize workload and build an organization operational oriented: site fp&a should be a business partner for operational • bilingual (french-english),2025-03-03,['Rekrute'],,Banque / Finance - Offshoring / Nearshoring,
,DATA Analyst | Rabat (Maroc),,Nous recrutons actuellement un Business Data Analyst pour rejoindre notre équipe dans notre nouveau centre situé à Rabat. Finalité du Poste : L'Analyste de Données Commerciales est responsable de l'analyse...,Bac +5 et plus,De 5 à 10 ans,CDI - Télétravail : Hybride,,"bac+5 en data analysis, business intelligence, statistique ou dans un domaine connexe.",2025-03-03,['Rekrute'],Data Analyst,Data,4
,Stagiaire PFE DATA Analyst (Convention obligatoire) | Casablanca (Maroc),,"En tant que stagiaire Data Analyst, vos principales missions sont : • Rassembler des données provenant de différentes sources (bases de données, CRM, ERP, fichiers Excel, etc.). • Analyser les données pour identifier...",Bac +5 et plus,Moins de 1 an,Stage - Télétravail : Non,,- master en data.,2025-02-28,['Rekrute'],Data Analyst,Data,5
,BI Engineer | Rabat (Maroc),,"JOB PURPOSE: As a BI Engineer, you will join the Reporting Factory Team. The role of the BA Engineer is to design, develop, and maintain strong BI solutions that empower AXA GBS Morocco and the broader global organization in making data-driven...",Bac +4,De 1 à 3 ans,CDI - Télétravail : Hybride,,good knowledge of microsoft power platform and connectors to external data sources,2025-02-28,['Rekrute'],Data Engineer,Data,3
,Senior Internal Auditor | Casablanca - Jorf Lasfar (Maroc),,Job Responsibilities Planning and Executing Audits Develop detailed audit plans and schedules. Conduct audits in accordance with the audit plan and internal audit standards. Evaluating Internal Controls Assess the effectiveness and...,Bac +5 et plus,De 5 à 10 ans - De 10 à 20 ans,CDI - Télétravail : Non,,risk assessment ability; audit report writing; data analysis skills; internal control design,2025-02-27,['Rekrute'],,Automobile / Motos / Cycles - Chimie / Parachimie / Peintures,
,Generative AI Testing Specialist | Rabat (Maroc),,"As a Gen AI Testing Specialist, You will guide teams on best practices for AI-powered testing, develop and implement advanced testing solutions, and drive continuous improvement in our testing capabilities. Your responsabilities include : Develop and...",Bac +5 et plus,De 5 à 10 ans - De 10 à 20 ans,CDI - Télétravail : Hybride,,"experience with databases (e.g., mysql, oracle, postgresql).",2025-02-25,['Rekrute'],Data Engineer,Data,3
,HR OPS & PAYROLL Officer – France | Rabat (Maroc),,"BUSINESS UNIT STATEMENT: The HR Operations & payroll Specialist will be in charge within the team of multiple cross-functional activities, he will be versatile in the execution of the tasks to ensure the back-up and the adoption of the rotation with...",Bac +4,De 1 à 3 ans - De 3 à 5 ans,CDI - Télétravail : Hybride,,"proficient in excel (advanced level, including formulas, pivot tables, and data analysis)",2025-02-23,['Rekrute'],,Offshoring / Nearshoring - Autres Industries,
,DATA Engineer | Rabat (Maroc),,Le consultant sera en charge de: Conception et déploiement de systèmes d'IA Modélisation avancée pour résoudre des problèmes complexes Réalisation des recettes des évolutions des...,Bac +5 et plus,Moins de 1 an,CDI - Télétravail : Hybride,,"proficiency in data analysis tools (e.g., excel, sql, power bi).",2025-02-21,['Rekrute'],Data Engineer,Automobile / Motos / Cycles,3
,DATA Miner & gestionnaire de flux expérimenté (e) | Casablanca (Maroc),,"As a Gen AI Testing Specialist, You will guide teams on best practices for AI-powered testing, develop and implement advanced testing solutions, and drive continuous improvement in our testing capabilities. Your responsabilities include : Develop and...",Bac +5 et plus,De 3 à 5 ans - De 5 à 10 ans,CDI - Télétravail : Hybride,,"experience with databases (e.g., mysql, oracle, postgresql).",2025-02-21,['Rekrute'],Data Miner,Data,3
,DATA Miner & gestionnaire de flux expérimenté (e) | Casablanca (Maroc),,"Rattaché(e) au Responsable d’activité, vos principales missions seront : 1- Suivi, exploitation et analyse DATA : Piloter les courbes d’activités en temps réel selon les indicateurs de production...",Bac +3,De 3 à 5 ans,CDI - Télétravail : Non,,"niveau d'étude : bac+3 ou plus en big data, statistiques ou informatique",2025-02-20,['Rekrute'],,Centre d'appel - Informatique,
,Industrial DATA Analyst (SAP & Power BI) | Tanger (Maroc),,"• Extract, manage, and analyze data from SAP systems to track production metrics and scrap rates. • Develop and maintain Power BI dashboards for real-time visualization of key performance indicators (KPIs). • Identify trends, inefficiencies,...",Bac +5 et plus,De 3 à 5 ans,CDI - Télétravail : Non,,"• bachelor’s degree in engineering, data science, industrial management, or a related field. • 3+ years of experience in data analysis within an industrial or manufacturing environment. • proficiency in sap (pp, mm, or related modules) for data extraction and reporting. • advanced skills in power bi (dax, power query, dashboard development). • strong analytical and problem-solving abilities. • ability to work independently and communicate findings effectively to senior management. • experience in process optimization and continuous improvement methodologies is a plus.",2025-02-20,['Rekrute'],Data Analyst,Manufacturing,2
,Submit Your Spontaneous Application and Join Stellantis ! | Casablanca (Maroc),,"We are seeking passionate professionals in the automotive industry with strong expertise in engineering and software development to support the continuous growth and innovation of our company. As we navigate an era of rapid technological advancements, we...",Bac +5 et plus,De 3 à 5 ans - De 5 à 10 ans,CDI - Télétravail : Non,,"• project management • validation, integration and testing • calibration • design and simulation • vehicle architecture / safety • data, bi, ai, cybersecurity • manufacturing • supply chain",2025-02-19,['Rekrute'],,Automobile / Motos / Cycles,
,DATA Performance Analyst (H/F) | Rabat (Maroc),,"Rattaché à la Direction Courses & Utilisations du Cheval, votre principale mission sera de participer à l'optimisation de la performance des métiers via l'analyse et l'exploitation des données de la...",Bac +5 et plus,De 3 à 5 ans,CDI - Télétravail : Non,,,2025-02-17,['Rekrute'],Data Analyst,Data,2
,Senior Software Engineer .Net | Casablanca (Maroc),,"• Design, develop, and maintain scalable microservices using .NET, NodeJS, or Python ; • Collaborate with cross-functional teams to define, design, and ship new features ; • Ensure the performance, quality, and responsiveness of applications...",Bac +5 et plus,De 5 à 10 ans,CDI - Télétravail : Hybride,,"• bachelor’s or master’s degree in computer science, engineering, or a related field ; • 5+ years of experience in software development with a focus on microservices architecture ; • proficiency in .net, nodejs, or python ; • strong experience with cloud services, particularly azure or aws ; • solid understanding of devops practices and tools (e.g., docker, kubernetes, jenkins, git) ; • experience with restful apis and web services ; • familiarity with database technologies such as sql, nosql, and orm frameworks ; • excellent problem-solving skills and attention to detail ; • strong communication and collaboration skills.",2025-02-14,['Rekrute'],,Informatique,
,Concepteur Développeur Digdash (H/F) | Rabat (Maroc),,"BUSINESS UNIT STATEMENT: The Human Resources department will serve a diverse population around 2800 employees (10 countries in Europe, Asia, US and Morocco) and 10 professional families and expertise. Group OperationsTransformation has been set up in 2017...",Bac +4,De 1 à 3 ans - De 3 à 5 ans,CDI - Télétravail : Hybride,,"familiarity with social media, resume databases and professional networks",2025-02-14,['Rekrute'],Data Engineer,Data,4
,Concepteur Développeur Digdash (H/F) | Rabat (Maroc),,"En tant que Consultant DigDash, vous accompagnez nos clients dans l’implémentation et l’optimisation de leurs solutions de Business Intelligence (BI) avec la plateforme DigDash Enterprise. Vous intervenez sur l’ensemble du cycle...",Bac +4,De 1 à 3 ans - De 3 à 5 ans,CDI - Télétravail : Hybride,,"• diplôme bac+4/5 en informatique, data science, ou bi • expérience de 2 à 5 ans en business intelligence • expérience dans l’intégration de solutions bi, idéalement digdash",2025-02-12,['Rekrute'],,Informatique - Internet / Multimédia,
,Technical Field Support | Casablanca (Maroc),,"1. Keep high technical knowledge of ZF products for CV service network 2. Providing technical support of ZF products for the CV service network and end users. Technical support can be remote and onsite, as required to resolve customer’s technical...",Bac +3,De 3 à 5 ans,CDI - Télétravail : Non,,"• minimum 3 years experience in automotive sales & service business • people & customer management experience with strong moderation skills • effective communication, influencing & collaboration skills among various audiences • good knowledge of zf products, footprint, structures and processes • strategic thinking, strong analytical skills, data driven & capability to manage complexity • good understanding of network management • ability to work effectively under minimum supervision • team player • willingness to go beyond working hours whenever necessary • good commercial understanding • good presentation skills • high motivated/ dedicated • systematic and pragmatic approach in his day-to-day work • flexible personality • valid driver’s license • relevant engineering diploma/degree • pc skills (microsoft office + powerpoint) • fluency in english, french; knowledge of arabic is a plus.",2025-02-10,['Rekrute'],Technical Field Support,Non-DATA,0
,Order entry & customer service *english* / casablanca,Confidentiel,Order entry & customer service *english* / casablanca,Bac plus 3,,CDI,Casablanca,,2025-04-10,['MarrocAnnonces'],Order entry & customer service,Non-DATA,0
,Ingénieur data scientist junior / casablanca,,Désolé,,,,Casablanca,,,['MarrocAnnonces'],Data Scientist,Data,3
,Contrôleur de caisse ( Homme ) - AGADIR,DAMA,"Contrôleur de caisse ( Homme ) - AGADIR Maintenir à jour le système de contrôle interne de l'entreprise et renforcer son efficacité Mettre en place des outils et indicateurs de suivi d'efficacité du dispositif de contrôle interne Contrôler les résultats du secteur de la caisse, détecter les anomalies et les écarts Sensibiliser les opérationnels sur les anomalies détectées lors des contrôles Consolider la base des incidents Contribuer à la rédaction des rapports à destination des instances externes de contrôle Contrôler la conformité des justificatifs de paiement par rapport aux procédures Analyse et traitement quotidien des alertes de filtrage des opérations à l’international tout en veillant au respect des embargos commerciaux et financiers internationaux Analyse et traitement quotidien des alertes de filtrage des Personnes Politiquement Exposées (PPE) et les personnes listées (Sanctions internationales) Extraction, analyse et traitement quotidien des alertes LAB-FT générées par l’outil de profilage et de surveillance des opérations SIRON AML, les requêtes préconfigurées DATA WAREHOUSE Remonter à la direction les informations du secteur Faire évoluer l’organisation et les procédures.",Bac plus 3,,Interim,Agadir,"Bac+3 ou plus en Finance ou Audit et Contrôle, Une première expérience dans une agence de transfert d'argent., Autonomie, Rigueur, Esprit de synthèse, Réactivité et respect des délais, Maîtrise des méthodes et outils du contrôle interne, Bonnes connaissances de la réglementation bancaire et des techniques du contrôle.",2025-03-25,['MarrocAnnonces'],,,
,CONTROLEUR PERMANANT - MARRAKECH,Dama,"CONTROLEUR PERMANANT - MARRAKECH Maintenir à jour le système de contrôle interne de l'entreprise et renforcer son efficacité Mettre en place des outils et indicateurs de suivi d'efficacité du dispositif de contrôle interne Contrôler les résultats du secteur de la caisse, détecter les anomalies et les écarts Sensibiliser les opérationnels sur les anomalies détectées lors des contrôles Consolider la base des incidents Contribuer à la rédaction des rapports à destination des instances externes de contrôle Contrôler la conformité des justificatifs de paiement par rapport aux procédures Analyse et traitement quotidien des alertes de filtrage des opérations à l’international tout en veillant au respect des embargos commerciaux et financiers internationaux Analyse et traitement quotidien des alertes de filtrage des Personnes Politiquement Exposées (PPE) et les personnes listées (Sanctions internationales) Extraction, analyse et traitement quotidien des alertes LAB-FT générées par l’outil de profilage et de surveillance des opérations SIRON AML, les requêtes préconfigurées DATA WAREHOUSE Remonter à la direction les informations du secteur Faire évoluer l’organisation et les procédures.",Bac plus 3,,Interim,Marrakech,"Bac+3 ou plus en Finance ou Audit et Contrôle, Une première expérience dans le poste serait appréciée., Autonomie, Rigueur, Esprit de synthèse, Réactivité et respect des délais, Maîtrise des méthodes et outils du contrôle interne., Bonnes connaissances de la réglementation bancaire et des techniques du contrôle.",2025-03-15,['MarrocAnnonces'],Contrôleur,Finance,3
,"TETOUAN, Factory Planner Intern (for Graduates)",JTI,"TETOUAN, Factory Planner Intern (for Graduates)",Bac plus 3,,Stage,Tetouan,,2025-03-04,['MarrocAnnonces'],,,
,Data analyst,JTI,Data analyst - Tetouan,Bac plus 3,,CDI,Tetouan,,2025-02-28,['MarrocAnnonces'],Data Analyst,Data,2
,IOT Data Engineer / Developper,Manpower,IOT Data Engineer / Developper - Kénitra,Bac plus 3,,CDI,Kénitra,,2025-02-25,['MarrocAnnonces'],Data Engineer,Data,3
,Analyste Business Data,,Désolé,,,,Casablanca,,,['MarrocAnnonces'],Business Analyst,Data,3
,Développeur PHP/Laravel (H/F),DEKRA Services,Développeur PHP/Laravel (H/F) - Casablanca,Bac plus 4,,CDI,Casablanca,,2025-01-21,['MarrocAnnonces'],,,
,Data Steward (H/F),DEKRA Services,Test Lead QA – Développeur (H/F) - Casablanca,Bac plus 4,,CDI,Casablanca,,2025-01-21,['MarrocAnnonces'],Data Steward,Data,3
,Data Steward (H/F),DEKRA Services,Data Steward (H/F) - Casablanca,Bac plus 3,,CDI,Casablanca,,2025-01-20,['MarrocAnnonces'],,,
,Product Data Management Junior - JORF LASFAR,DAMA,Product Data Management Junior - JORF LASFAR - El jadida,Bac plus 2,,Interim,El jadida,,2025-01-19,['MarrocAnnonces'],Data Management,Data,1
,Technicien Frigoriste (H/F),,Technicien Frigoriste (H/F) - Benguerir,,,,Benguerir,,2025-01-10,['MarrocAnnonces'],,,
,Analyste de données _anglophone,Avanta maroc,Technicien/Superviseur GTB en intérim à Bouskoura - Casablanca,Bac plus 2,,Interim,Casablanca,,2025-01-08,['MarrocAnnonces'],Data Analyst,Data,2
,Analyste de données _anglophone,Avanta Services,Analyste de données _anglophone - Tanger,Bac plus 5,,CDI,Tanger,,2025-12-31,['MarrocAnnonces'],,,
,Ingénieur Data Analyst,confidentiel,Ingénieur Data Analyst - Casablanca,Bac plus 5,,CDI,Casablanca,,2025-12-08,['MarrocAnnonces'],Data Analyst,Data,3
,Ingénieur Business Intelligence (BI),confidentiel,Ingénieur Business Intelligence (BI) - RABAT,Bac plus 5,,CDI,Rabat,,2025-12-05,['MarrocAnnonces'],Business Analyst,Data,3
,CONTROLEUR DE CAISSE - KHOURIBGA,DAMA,"CONTROLEUR DE CAISSE - KHOURIBGA Maintenir à jour le système de contrôle interne de l'entreprise et renforcer son efficacité Mettre en place des outils et indicateurs de suivi d'efficacité du dispositif de contrôle interne Contrôler les résultats du secteur de la caisse, détecter les anomalies et les écarts Sensibiliser les opérationnels sur les anomalies détectées lors des contrôles Consolider la base des incidents Contribuer à la rédaction des rapports à destination des instances externes de contrôle Contrôler la conformité des justificatifs de paiement par rapport aux procédures Analyse et traitement quotidien des alertes de filtrage des opérations à l’international tout en veillant au respect des embargos commerciaux et financiers internationaux Analyse et traitement quotidien des alertes de filtrage des Personnes Politiquement Exposées (PPE) et les personnes listées (Sanctions internationales) Extraction, analyse et traitement quotidien des alertes LAB-FT générées par l’outil de profilage et de surveillance des opérations SIRON AML, les requêtes préconfigurées DATA WAREHOUSE Remonter à la direction les informations du secteur Faire évoluer l’organisation et les procédures.",Bac plus 3,,Interim,Khouribga,"Bac+3 ou plus en Finance ou Audit et Contrôle, Une première expérience dans une agence de transfert d'argent., Autonomie, Rigueur, Esprit de synthèse, Réactivité et respect des délais, Maîtrise des méthodes et outils du contrôle interne, Bonnes connaissances de la réglementation bancaire et des techniques du contrôle.",2025-11-21,['MarrocAnnonces'],Contrôleur de caisse,Finance,3
,Technicien frigoriste en contrat d'intérim,Avanta Maroc,Technicien frigoriste en contrat d'intérim - Rabat,Bac plus 2,,Interim,Rabat,,2025-11-19,['MarrocAnnonces'],,,
,CONTROLEUR PERMANENT - CASABLANCA,,Transaction Banker Trade & Cash - Casablanca,Bac plus 3,,Interim,Casablanca,,2025-11-14,['MarrocAnnonces'],Contrôleur,Finance,3
,CONTROLEUR PERMANENT - CASABLANCA,DAMA,"CONTROLEUR PERMANENT - CASABLANCA Maintenir à jour le système de contrôle interne de l'entreprise et renforcer son efficacité Mettre en place des outils et indicateurs de suivi d'efficacité du dispositif de contrôle interne Contrôler les résultats du secteur de la caisse, détecter les anomalies et les écarts Sensibiliser les opérationnels sur les anomalies détectées lors des contrôles Consolider la base des incidents Contribuer à la rédaction des rapports à destination des instances externes de contrôle Contrôler la conformité des justificatifs de paiement par rapport aux procédures Analyse et traitement quotidien des alertes de filtrage des opérations à l’international tout en veillant au respect des embargos commerciaux et financiers internationaux Analyse et traitement quotidien des alertes de filtrage des Personnes Politiquement Exposées (PPE) et les personnes listées (Sanctions internationales) Extraction, analyse et traitement quotidien des alertes LAB-FT générées par l’outil de profilage et de surveillance des opérations SIRON AML, les requêtes préconfigurées DATA WAREHOUSE Remonter à la direction les informations du secteur Faire évoluer l’organisation et les procédures.",Bac plus 3,,Interim,Casablanca,"Bac+3 ou plus en Finance ou Audit et Contrôle, Une première expérience dans le poste serait appréciée., Autonomie, Rigueur, Esprit de synthèse, Réactivité et respect des délais, Maîtrise des méthodes et outils du contrôle interne, Bonnes connaissances de la réglementation bancaire et des techniques du contrôle.",2025-11-08,['MarrocAnnonces'],,,
,Analyste des données logistique - Tanger,DAMA,"CONTROLEUR DE CAISSE - ZONE NORD TANGER / TETOUAN Maintenir à jour le système de contrôle interne de l'entreprise et renforcer son efficacité Mettre en place des outils et indicateurs de suivi d'efficacité du dispositif de contrôle interne Contrôler les résultats du secteur de la caisse, détecter les anomalies et les écarts Sensibiliser les opérationnels sur les anomalies détectées lors des contrôles Consolider la base des incidents Contribuer à la rédaction des rapports à destination des instances externes de contrôle Contrôler la conformité des justificatifs de paiement par rapport aux procédures Analyse et traitement quotidien des alertes de filtrage des opérations à l’international tout en veillant au respect des embargos commerciaux et financiers internationaux Analyse et traitement quotidien des alertes de filtrage des Personnes Politiquement Exposées (PPE) et les personnes listées (Sanctions internationales) Extraction, analyse et traitement quotidien des alertes LAB-FT générées par l’outil de profilage et de surveillance des opérations SIRON AML, les requêtes préconfigurées DATA WAREHOUSE Remonter à la direction les informations du secteur Faire évoluer l’organisation et les procédures.",Bac plus 3,,Interim,Tanger,"Bac+3 ou plus en Finance ou Audit et Contrôle, Une première expérience dans une agence de transfert d'argent., Autonomie, Rigueur, Esprit de synthèse, Réactivité et respect des délais, Maîtrise des méthodes et outils du contrôle interne, Bonnes connaissances de la réglementation bancaire et des techniques du contrôle.",2025-11-05,['MarrocAnnonces'],Data Analyst,Logistique,3
,Analyste des données logistique - Tanger,AVANTA MAROC,Analyste des données logistique - Tanger,Bac plus 5,,CDI,Tanger,,2025-10-31,['MarrocAnnonces'],,,
,Senior Data Engineers H/F - Casablanca / Rabat,VISION BUSINESS CONSULTING,Nous recherchons un Développeur Senior React/Next.js pour rejoindre un projet Modeling/Digital qui démarre ASAP .,Bac+5 et plus,Expérience entre 5 ans et 10 ans & Expérience > 10 ans,Freelance,Casablanca-Mohammedia,MYSQL - POSTGRESQL - REACT,2025-02-25,['Emplois.ma'],Data Engineer,Data,4
,Senior Data Engineers H/F - Casablanca / Rabat,AFRICAWORK MAROC,"Nous recrutons pour notre client des Ingénieurs de Données Seniors capable de diriger une équipe et de contribuer activement à la conception et à l'implémentation de solutions techniques dans un environnement data-driven. Responsabilités : Diriger une équipe de développeurs dans la mise en œuvre de solutions techniques. Fournir et exécuter des conceptions techniques pour les composants de la plateforme de données. Établir des normes, des modèles et des pratiques exemplaires pour les équipes. Superviser et diriger la livraison de fonctionnalités ou d'épopées complètes. Encadrer et accompagner les membres plus juniors de l'équipe. Communiquer efficacement avec les parties prenantes externes et internes....",Bac+5 et plus,Expérience entre 5 ans et 10 ans - Expérience > 10 ans,CDI,Agadir - Béni Mellal-Khénifra - Casablanca-Mohammedia - Dakhla -...,APP - AZURE - C# - DOCKER - ETL - MICROSOFT - PYTHON - SQL - VAULT,2025-03-21,['Emplois.ma'],,,
,Consultant Freelance - Data Engineer - Casablanca,AFRICAWORK,"Nous recrutons pour notre client, opérant dans le secteur bancaire , un Expert SOC (Security Operations Center) H/F basé à Casablanca. L'Expert SOC sera responsable de la surveillance, de la détection et de la gestion des incidents de sécurité au sein du SOC. Il analysera les menaces et incidents, coordonnera les réponses aux incidents de sécurité et assurera la protection des systèmes d'information de la banque. Missions : Surveillance de la sécurité : Assurer la surveillance en temps réel des événements de sécurité et analyser les alertes générées par les outils de détection (SIEM, IDS/IPS, etc.). Analyse des incidents : Identifier, analyser et répondre aux incidents de sécurité en collaboration avec les...",Bac+5 et plus,Expérience entre 5 ans et 10 ans - Expérience > 10 ans,CDI,Agadir - Béni Mellal-Khénifra - Casablanca-Mohammedia - Dakhla -...,IDS,2025-03-26,['Emplois.ma'],Data Engineer,Data,3
,Consultant Freelance - Data Engineer - Casablanca,VISION BUSINESS CONSULTING,"Nous recherchons un Data Engineer expérimenté en freelance pour intégrer et optimiser l'infrastructure de données de notre client final dans le cadre d'un vaste programme de transformation Data. Le consultant travaillera en étroite collaboration avec nos équipes IT et data pour concevoir et mettre en œuvre des solutions efficaces sur Azure Cloud, en soutenant notamment l'amélioration de nos capacités en Business Intelligence. Responsabilités : Concevoir et construire des pipelines de données robustes sur Microsoft Azure. Intégrer, consolider et nettoyer des données provenant de diverses sources. Assurer la performance et la sécurité des bases de données Azure. Collaborer avec les data scientists et BI...",Bac+5 et plus,Expérience entre 5 ans et 10 ans & Expérience > 10 ans,Freelance,Casablanca-Mohammedia,AZURE - BI - JAVA - MICROSOFT - PYTHON - SCALA - SQL,2025-03-12,['Emplois.ma'],,,
,Consultant Freelance - Data Scientist - Casablanca,VISION BUSINESS CONSULTING,"Nous recherchons un Data Scientist freelance pour développer des modèles prédictifs et prescriptifs qui amélioreront la prise de décisions stratégiques de notre client. Le rôle implique une forte interaction avec les données industrielles et leur interprétation à travers des outils de Business Intelligence tels que Power BI, le tout dans un environnement Azure Cloud. Responsabilités : Concevoir et implémenter des modèles statistiques et d'apprentissage machine. Analyser de grands volumes de données industrielles pour en extraire des insights pertinents. Travailler en collaboration avec les équipes de data engineers pour préparer les données pour l'analyse. Présenter des résultats complexes à des non-...",Bac+5 et plus,Expérience entre 5 ans et 10 ans & Expérience > 10 ans,Freelance,Casablanca-Mohammedia,AZURE - BI - PYTHON - SQL,2025-03-12,['Emplois.ma'],Data Scientist,Data,4
,Analyste Big Data - Casablanca,CALLIOPE,"Nous recherchons un(e) Analyste Big Data  passionné(e) par l’analyse de données massives pour rejoindre notre équipe. En tant qu'analyste, vous serez en charge de l’analyse et de la gestion de nos stocks tout en utilisant des outils et des méthodes de Big Data pour optimiser les processus logistiques. Vos missions : Analyser les stocks en suivant, évaluant et prévoyant l’évolution des stocks en temps réel à l’aide d’outils d’analyse et de gestion. Optimiser la gestion des stocks en proposant des solutions d'optimisation des niveaux de stock en fonction des données analysées. Exploiter les technologies de Big Data pour effectuer des analyses avancées des stocks,...",Bac+2 & Bac+3,Expérience entre 2 ans et 5 ans & Expérience entre 5 ans et 10 ans,CDI,Casablanca-Mohammedia,BIG DATA - Gestion des Stocks - Stocks - Transport,2025-03-06,['Emplois.ma'],,,
,Analyste en Gestion des Stocks et Big Data - Casablanca,VISION BUSINESS CONSULTING,Nous recrutons 2 Développeurs Senior Java pour travailler sur le stream Digital Twin d’un projet Modeling/Digital en démarrage ASAP .,Bac+5 et plus,Expérience entre 5 ans et 10 ans & Expérience > 10 ans,Freelance,Casablanca-Mohammedia,JAVA - UNITY,2025-02-25,['Emplois.ma'],Data Analyst,Data,3
,Analyste en Gestion des Stocks et Big Data - Casablanca,CALLIOPE,"Nous recherchons un(e) Analyste de stock passionné(e) par l’analyse de données massives pour rejoindre notre équipe. En tant qu'analyste, vous serez en charge de l’analyse et de la gestion de nos stocks tout en utilisant des outils et des méthodes de Big Data pour optimiser les processus logistiques. Vos missions : Analyser les stocks en suivant, évaluant et prévoyant l’évolution des stocks en temps réel à l’aide d’outils d’analyse et de gestion. Optimiser la gestion des stocks en proposant des solutions d'optimisation des niveaux de stock en fonction des données analysées. Exploiter les technologies de Big Data pour effectuer des analyses avancées des stocks, identifier et...",Bac+2 & Bac+3,Expérience entre 2 ans et 5 ans & Expérience entre 5 ans et 10 ans,CDI,Casablanca-Mohammedia,BIG DATA - Gestion des Stocks - Stocks - Transport,2025-03-04,['Emplois.ma'],,,
,Développeur Senior DevOps / Architecte Technique (Secteur Bancaire) - Casablanca,VISION BUSINESS CONSULTING,"Nous recherchons pour un client en secteur bancaire un Développeur Senior DevOps / Architecte Technique  pour concevoir et optimiser une chaîne DevOps dans un environnement complexe impliquant plusieurs équipes. Missions principales : Élaboration du design technique des solutions. Conception et optimisation d’une chaîne DevOps adaptée à un environnement multi-équipes. Expertise en Java, J2EE, React, Spring/SpringBoot, SQL, MySQL, Mongo, API, Microservices, BPMN (idéalement Camunda), Kafka, Keycloak . Gestion des workflows de développement et du versionning via GitLab . Développement avec CI/CD pipelines . Encadrement et coordination des équipes techniques.",Bac+5 et plus,Expérience entre 5 ans et 10 ans & Expérience > 10 ans,Freelance,Casablanca-Mohammedia,API - GITLAB - J2EE - JAVA - MYSQL - REACT - SPRING - SQL,2025-03-13,['Emplois.ma'],DevOps,Banque,4
,Technical Lead JAVA JEE (Freelance - Client Bancaire) - Casablanca,VISION BUSINESS CONSULTING,"Dans le cadre d’un programme de transformation du SI Paiement, nous recherchons un Technical Lead pour piloter l’implémentation du Hub de paiement. Il/elle sera responsable du cadrage et du développement d’une partie ou de la totalité de l’architecture technique des nouvelles solutions ou composants techniques du SI Paiement de la banque, tout en encadrant les équipes de développement. Missions principales : Coordination avec les équipes techniques pour le développement des produits en respectant l’architecture technique. Expertise en Java/J2EE et React (Redux, MaterialUI) avec une bonne maîtrise de Spring/SpringBoot . Gestion des problématiques Front-end et Back-end . Expertise en...",Bac+5 et plus,Expérience entre 5 ans et 10 ans & Expérience > 10 ans,Freelance,Casablanca-Mohammedia,API - DOCKER - GIT - GITLAB - HUB - J2EE - JAVA - JENKINS - MONGODB - NOSQL - REACT - SPRING - SQL,2025-02-20,['Emplois.ma'],Technical Lead,Banque,4
,Analyste Gestion des Stocks - Casablanca,CALLIOPE,"Nous sommes à la recherche d'un(e)  Analyste Gestion des Stocks. Missions : Analyse des stocks : Suivre et analyser les niveaux de stock pour identifier les tendances, les anomalies et les opportunités d’optimisation. Effectuer des rapports réguliers sur les stocks, les ruptures, les surstocks et les prévisions de besoins. Mettre en place des indicateurs de performance (KPIs) pour évaluer l’efficacité de la gestion des stocks. Gestion des Outils Informatique et Data : Utiliser des outils et des logiciels de gestion des stocks pour suivre et analyser les données en temps réel. Développer des rapports automatisés et des outils d’analyse des stocks à l’aide de logiciels...","Bac+3, Bac+4 & Bac+5 et plus",Débutant < 2 ans et plus,CDI,Casablanca-Mohammedia,BI - Gestion des Stocks - SQL - Stocks - Transport,2025-04-03,['Emplois.ma'],Data Analyst,Logistique,2
,Informaticien Bilingue Espagnol (H/F) - Tanger,,"Nous recherchons un(e) Informaticien(ne) Bilingue Espagnol ,qualifié(e) et passionné(e) pour rejoindre l'équipe de l'un de nos clients. Si vous avez une solide expérience en gestion des systèmes informatiques et en développement logiciel, nous serions ravis de recevoir votre candidature. Missions : Gestion et maintenance des infrastructures informatiques (réseaux, serveurs, systèmes). Développement et gestion de logiciels et applications internes. Résolution de problèmes techniques et support aux utilisateurs. Mise en place de solutions de sécurité pour protéger les données et les systèmes. Veille technologique pour proposer des améliorations continues des outils et processus",Bac+3 & Bac+4,Expérience entre 2 ans et 5 ans,CDI,Tanger-Tétouan-Al Hoceïma,C++ - JAVA - LINUX - PYTHON,2025-03-15,['Emplois.ma'],,,
,AWS Solutions Architect (M/F),EVERESTOSAGENCY,Nous sommes à la recherche des  Chargés de Clientèle en Réception / Emission d´Appels. Missions : Répondre aux appels entrants et traiter les demandes des clients Conseiller et informer les clients sur nos produits et services Assurer un suivi personnalisé des clients Participer à l'atteinte des objectifs de l'équipe,"Qualification avant bac, Bac, Bac+1, Bac+2, Bac+3, Bac+4 & Bac+5 et plus","Etudiant, jeune diplômé et plus","CDI, CDD & Intérim",Rabat-Salé-Kénitra,Actions Commerciales - Réception - Vente,2025-03-22,['Emplois.ma'],Data Engineer,Data,5
,AWS Solutions Architect (M/F),AFRICASHORE,"We are looking for  AWS Solutions Architect profiles / CVs to share with our clients for their future recruitment campaigns.   Mission:   Design a robust, secure and optimized AWS architecture to implement large scale enterprise data solutions and applications. Develop and deliver AWS Cloud solutions in areas such as AIML, advanced analytics, microservices, serverless, etc. Build highly scalable, Cloud-native applications on AWS platform using services like API Gateway, Lambda, SQS, DynamoDB and ECS. Implement and manage KuberNetes environments. Ensure configuration and compliance with configuration management tools. Administer and troubleshoot Linux based...",Bac+3,Expérience entre 5 ans et 10 ans,"CDI, CDD - Freelance",Agadir - Béni Mellal-Khénifra - Casablanca-Mohammedia - Dakhla -...,API - BIG DATA - CENTOS - CVS - DMS - DNS - DOCKER - HADOOP - HTTP - LINUX - RDS - SPARK - TALEND,2025-02-27,['Emplois.ma'],,,
,Data Scientist Senior - Paris,AFRICASHORE,"We are looking for JAVA JEE Developer profiles / CVs to pass on to our clients for their future recruitment campaigns.   Mission:   Good exposure to Core Java, MySQL server as DB. Maintain source code control of all application code, scripts, and database definition language. Design, Develop, Implement and/or Manage project. Responsible for development, focusing on designs, coding, testing, quality assurance of complex product features in a development team. Show initiative and drive topics to resolution in a high level of quality, speed, reliability and efficiency considering the essential non-functional requirements. Analyzing clients' requirements and produce technical proposals,...",Bac+3,Expérience entre 5 ans et 10 ans,"CDI, CDD - Freelance",Agadir - Béni Mellal-Khénifra - Casablanca-Mohammedia - Dakhla -...,AGILE - ANGULAR JS - AZURE - BIG DATA - CASSANDRA - COUCHBASE - CSS - CVS - DOCKER - GIT - HADOOP - HIBERNATE - HTML - J2EE - JAVA - JAVA JEE - JAVASCRIPT - JBOSS - JENKINS - MAVEN - MVC - MYSQL - NOSQL - ORACLE - REDIS - REST - SOAP - SPARK - SPRING - SQL - STRUTS - WEBLOGIC,2025-02-27,['Emplois.ma'],Data Scientist,Data,4
,Supply Chain RPA Developer - Casablanca,AFRICAWORK,"We are recruiting for our client who operates in the designing, manufacturing, and supplying of commercial playground equipment, a Supply Chain RPA Developer .  Responsibilities : Your key responsibilities will be : Create, test, and deploy bots using Automation Anywhere to automate repetitive, rule-based supply chain tasks. Translate business requirements into Intelligent Automation solutions incorporating AI, Machine Learning, and RPA. Integrate bots with enterprise systems and third-party applications using API Task Runner for seamless data transfer and interaction. Develop and deploy IQ Bots to extract, interpret, and process unstructured and semi-structured data from supply chain documents (e.g., invoices,...","Bac+3, Bac+4 - Bac+5 et plus",Expérience entre 2 ans et 5 ans et plus,CDI,Agadir - Béni Mellal-Khénifra - Casablanca-Mohammedia - Dakhla -...,API - AUTOMATE - BI - MICROSOFT - PIVOT - PYTHON - VMWARE,2025-03-18,['Emplois.ma'],,,
,Data Scientist Senior - Paris,UXVCENTER,"We are looking for a  .NET/C# Software Developer. Your Responsibilities: Develop and maintain .NET/C# applications for industrial 3D control systems Implement and control a 3D engine that allows interactive input and visualization of geometry parameters Integrate and process 3D models from SolidWorks Develop algorithms for manipulating and controlling 3D geometries Optimize real-time visualization and performance of 3D data Integrate the 3D engine with laser control systems Collaborate with an interdisciplinary team of software, hardware, and laser experts","Bac+2, Bac+3, Bac+4 & Bac+5 et plus","Etudiant, jeune diplômé et plus",CDI,Marrakech-Safi & International,C# - DIRECTX - NET - SOLIDWORKS - UNITY,2025-03-26,['Emplois.ma'],Data Scientist,Data,4
,Cloud Architect (M/F),AFRICASHORE,"We are looking for  Cloud Architect profiles / CVs to share with our clients for their future recruitment campaigns.   Mission:   Lead analysis, recommendations, and presentation of approaches on Cloud migration roadmaps, architecture / designs etc. Involve in conducting Azure readiness assessments and evaluations and delivery of assessment reports, architecture/design/ deployment documents & presentations. Architecting Cloud solutions for new applications. Design Cloud architectures, environments, and solutions that meet the business requirements with an emphasis on meeting the overall business goals. Design highly available, scalable and secure solutions using...",Bac+3,Expérience entre 5 ans et 10 ans,"CDI, CDD - Freelance",Agadir - Béni Mellal-Khénifra - Casablanca-Mohammedia - Dakhla -...,AGILE - API - ARM - AZURE - C# - COSMOS - CVS - LESS - NOSQL - PAAS - SQL - VM,2025-02-27,['Emplois.ma'],,,
,AWS Cloud Architect (M/F),AFRICASHORE,"We are looking for  AWS Cloud Architect  profiles / CVs to share with our clients for their future recruitment campaigns.   Mission:   Support and advise clients in the adoption and deployment of AWS services (IT Strategy, Opportunity Study, Audit, Framework and Roadmap). Design solution platforms integrating AWS reference services (Serverless Architecture, Analytics, IoT, EKS, ...) in Native Cloud and Hybrid Cloud contexts. Conduct research, tests, and execute new techniques which could be reused and applied to the project. Accountable for designing, building, and optimizing automation systems that help to execute business web and data infrastructure platforms.",Bac+3,Expérience entre 5 ans et 10 ans,"CDI, CDD - Freelance",Agadir - Béni Mellal-Khénifra - Casablanca-Mohammedia - Dakhla -...,AGILE - ALM - BASH - CVS - DNS - DOCKER - HTTP - IOT - JENKINS - LOAD BALANCING - PUPPET - PYTHON - REACT - SCRUM - SSL,2025-02-27,['Emplois.ma'],Cloud Architect,Data,4
,Cloud Engineer (M/F),AFRICASHORE,We are looking for  Cloud Engineer   profiles / CVs to share with our clients for their future recruitment campaigns.   Mission:   Implement IAM policies and configure VPCs to create a scalable and secure Network for the application workloads. Develop and manage AWS development and migration programs. Build Data Integration scripts using Python to integrate with upstream/downstream systems (within AWS Cloud Services ecosystem). Develop application code for programs while following coding standards.  Resolve queries/issues and provide Application/functional support. Recommend changes to improve established Data Integration processes. Provides...,Bac+3,Expérience entre 5 ans et 10 ans,"CDI, CDD - Freelance",Agadir - Béni Mellal-Khénifra - Casablanca-Mohammedia - Dakhla -...,API - ARM - BGP - CVS - IAM - PUPPET - PYTHON - RDS - REST,2025-02-27,['Emplois.ma'],Cloud Engineer,Data,3
,DATASTAGE Architect (M/F),AFRICASHORE,"We are looking for DATASTAGE Architect profiles / CVs to share with our clients for their future recruitment campaigns.   Mission: Define and supervise all activities within your scope by using and optimising the resources allocated. Control the implementation of the activities under your responsibility and report on the results. Responsible for the level of service quality, compliance with standards and the level of safety within the assigned perimeter. Supervise and monitor of assigned projects (monitoring of workloads, definition of deadlines and delivery milestones, identification of deliverables and work to be carried out, task planning, monitoring of work, management of corrective measures,...",Bac+3,Expérience entre 5 ans et 10 ans,"CDI, CDD - Freelance",Agadir - Béni Mellal-Khénifra - Casablanca-Mohammedia - Dakhla -...,AZURE - CVS - DATASTAGE - INFORMATICA - J2EE - JAVA - MONGODB - ORACLE - SQL - TALEND,2025-02-27,['Emplois.ma'],Data Architect,Data,3
,Service Desk Analyst - Italian Speaker - Rabat,AFRICAWORK,"We are recruiting for our client, a multinational digital services company and IT consulting company, a Service Desk Analyst – Italian Speaker for a permanent contract (CDI) in Rabat (100% on-site). To maintain high login Efficiency (Availability) for customers. To provide level 1 remote desktop support to resolve tickets and provide hardware or software or network problem diagnosis or resolution via telephone or email or chat within agreed SLA of ticket volume and time. To update work logs and follow shift or escalation process to escalate complex problem to appropriate support specialists or route problems to 2nd and 3rd level IT support staff as the case be. Work on value adding activities such Knowledge base...","Bac+2, Bac+3, Bac+4 - Bac+5 et plus",Débutant < 2 ans et plus,CDI,Agadir - Béni Mellal-Khénifra - Casablanca-Mohammedia - Dakhla -...,ACCESS - Assistanat - ITIL - Secrétariat - Support,2025-03-11,['Emplois.ma'],,,
,Customer Service Specialist (Spanish and Portuguese) - Rabat,AFRICAWORK,"We are recruiting for our client, a multinational digital services company and IT consulting company, a  Service Desk Analyst – Spanish and Portuguese Speaker  for a permanent contract (CDI) in Rabat (100% on-site). Key Responsibilities : Order Processing & Validation: Review and validate order line items based on SAP/Client CRM product configurations. Identify discrepancies and take corrective actions. Process orders while ensuring compliance with SLAs and quality standards. Logistics & Customer Service: Track shipped orders end-to-end and provide timely updates to clients. Ensure proper documentation of order notes in SAP/CRM. Close orders upon client confirmation and maintain...","Bac, Bac+1, Bac+2, Bac+3, Bac+4 - Bac+5 et plus",Débutant < 2 ans et plus,CDI,Agadir - Béni Mellal-Khénifra - Casablanca-Mohammedia - Dakhla -...,Assistanat - Documentation - SAP - Secrétariat,2025-03-11,['Emplois.ma'],,,
,PHP Developer (M/F),AFRICASHORE,"We are looking for PHP Developer profiles / CVs to pass on to our clients for their future recruitment campaigns.   Mission:   Writing clean, fast code PHP to a high standard, in a timely and scalable way. Design E-Commerce websites and Dashboards using PHP, and Strong Knowledge on Integrations Like, Payment gateway, APi s etc. Establishing and guiding the website s architecture. Conducting analysis of website and application requirements. Writing back-end code and building efficient PHP modules. Developing back-end portals with an optimized database. Updating and altering application features to enhance performance. Helping formulate an effective, responsive design and turning it...",Bac+3,Expérience entre 5 ans et 10 ans,"CDI, CDD - Freelance",Agadir - Béni Mellal-Khénifra - Casablanca-Mohammedia - Dakhla -...,AJAX - API - CODEIGNITER - CSS3 - CVS - GIT - JAVASCRIPT - LARAVEL - MAGENTO - MERCURIAL - MONGODB - MVC - MYSQL - NOSQL - ORACLE - SQL - SYMFONY - XML - ZEND,2025-02-27,['Emplois.ma'],,,
